,snowpack,diversion,storage
1950-10-01,294.0148636363636,15.364,270.61
1950-11-01,264.13017810025957,30.896,256.944
1950-12-01,237.42968266963425,60.2,243.442
1951-01-01,289.40782916860644,85.812,219.667
1951-02-01,285.87614515777193,114.878,196.876
1951-03-01,342.348659030722,141.061,170.089
1951-04-01,326.9705570460058,158.51600000000002,146.21
1951-05-01,305.8223536963462,189.044,136.213
1951-06-01,241.8652281599706,221.555,183.068
1951-07-01,82.34723977542923,230.17700000000002,280.135
1951-08-01,23.77701374388982,240.45000000000002,335.996
1951-09-01,5.1432979025132886,256.612,336.902
1951-10-01,284.5530174494198,12.852,324.443
1951-11-01,264.13017810025957,23.999000000000002,316.708
1951-12-01,237.42968266963425,43.04900000000001,307.792
1952-01-01,228.49957506313092,69.08200000000001,294.319
1952-02-01,337.11823147380943,99.62800000000001,271.631
1952-03-01,439.3332196153891,125.811,243.708
1952-04-01,364.966840785863,143.26600000000002,220.932
1952-05-01,392.5394205879954,155.12,237.005
1952-06-01,328.3410362548247,175.471,330.177
1952-07-01,113.56104761910247,178.86,460.011
1952-08-01,27.687010569196115,187.15,491.775
1952-09-01,7.25031290547421,194.472,495.35
1952-10-01,279.6921140388012,11.545,493.158
1952-11-01,268.1097607601705,21.476,484.135
1952-12-01,237.42968266963425,35.289,475.712
1953-01-01,228.49957506313092,58.29900000000001,463.28
1953-02-01,209.24193096280175,86.653,443.75
1953-03-01,252.17405927476057,112.83600000000001,417.914
1953-04-01,226.33197786468122,130.291,394.888
1953-05-01,210.47962145535203,162.832,383.762
1953-06-01,146.7877525021166,195.559,399.913
1953-07-01,48.02862372745303,204.634,477.539
1953-08-01,19.47809319986235,212.212,490.566
1953-09-01,6.41512929332742,226.384,491.404
1953-10-01,294.0148636363636,18.19,478.011
1953-11-01,264.13017810025957,33.938,460.311
1953-12-01,237.42968266963425,64.25,446.179
1954-01-01,228.49957506313092,89.36,420.967
1954-02-01,216.29774708696618,118.786,398.261
1954-03-01,208.51735696991886,144.969,370.646
1954-04-01,187.73081191021285,162.42399999999998,349.127
1954-05-01,175.68832318218992,196.24199999999996,347.795
1954-06-01,112.09324840178793,228.96899999999997,364.806
1954-07-01,35.50549606808128,261.49299999999994,365.556
1954-08-01,14.671377828817514,281.27099999999996,345.345
1954-09-01,5.759136996148312,307.828,323.9
1954-10-01,294.0148636363636,18.546,302.661
1954-11-01,268.1097607601705,36.001,290.847
1954-12-01,299.9659595509489,69.81899999999999,276.296
1955-01-01,289.40782916860644,95.35399999999998,245.021
1955-02-01,239.19650499825272,124.77999999999999,222.507
1955-03-01,254.17147794252077,150.963,195.43
1955-04-01,221.8752799558638,168.418,172.267
1955-05-01,212.7418862485554,202.236,168.974
1955-06-01,149.04372336378373,234.963,195.96
1955-07-01,48.842925929749455,268.781,232.061
1955-08-01,19.580096743991433,292.751,225.744
1955-09-01,6.425507237775462,322.947,208.241
1955-10-01,279.6921140388012,17.118,179.013
1955-11-01,264.13017810025957,34.57299999999999,163.689
1955-12-01,299.9659595509489,66.179,150.074
1956-01-01,289.40782916860644,89.928,123.837
1956-02-01,370.92487192375205,117.762,104.065
1956-03-01,329.7361715174866,126.672,79.96
1956-04-01,342.5011524338811,135.012,74.499
1956-05-01,303.226911141601,168.82999999999998,89.996
1956-06-01,239.27700648307976,201.557,196.186
1956-07-01,81.4130102393411,213.82999999999998,260.754
1956-08-01,23.659987505421693,219.67399999999998,261.055
1956-09-01,6.840599478321694,237.85599999999997,259.8
1956-10-01,279.6921140388012,18.546,242.853
1956-11-01,264.13017810025957,29.604999999999997,225.853
1956-12-01,299.9659595509489,57.971999999999994,216.297
1957-01-01,289.40782916860644,83.999,192.023
1957-02-01,274.1879373490595,114.544,170.097
1957-03-01,334.15017332662,140.727,142.387
1957-04-01,346.32753327879374,158.18200000000002,119.71
1957-05-01,354.74936662524493,165.215,112.778
1957-06-01,290.65611941532666,167.505,202.97
1957-07-01,99.9585178625416,171.19899999999998,409.349
1957-08-01,24.08018783645364,176.50599999999997,537.581
1957-09-01,7.076954295159381,183.64999999999998,538.163
1957-10-01,279.6921140388012,11.673,535.676
1957-11-01,264.13017810025957,23.726,528.544
1957-12-01,237.42968266963425,43.826,519.793
1958-01-01,228.49957506313092,72.873,503.533
1958-02-01,231.81264275537305,103.418,477.772
1958-03-01,238.50148376887913,129.601,450.646
1958-04-01,252.65870918895774,147.05599999999998,428.914
1958-05-01,255.19384931921212,153.118,420.83
1958-06-01,126.54841034344618,176.32,523.498
1958-07-01,57.38840463662632,191.456,537.018
1958-08-01,18.849016781414626,213.95499999999998,531.286
1958-09-01,5.3828894384437715,246.682,507.425
1958-10-01,284.5530174494198,18.546,478.388
1958-11-01,264.13017810025957,36.001,459.454
1958-12-01,237.42968266963425,69.81899999999999,442.802
1959-01-01,228.49957506313092,96.52199999999999,411.635
1959-02-01,261.1458619578233,124.875,387.95
1959-03-01,283.98030679374443,151.058,362.383
1959-04-01,285.14473230132796,168.51299999999998,338.777
1959-05-01,265.42859796715777,192.20499999999998,330.61
1959-06-01,201.5838534101508,223.10399999999998,367.861
1959-07-01,67.80750757956802,234.283,460.187
1959-08-01,21.955694569653147,248.409,473.034
1959-09-01,5.334455079605962,268.31399999999996,468.884
1959-10-01,284.5530174494198,16.703,454.878
1959-11-01,264.13017810025957,32.967,448.925
1959-12-01,299.9659595509489,62.242999999999995,441.053
1960-01-01,289.40782916860644,87.893,415.321
1960-02-01,212.4267766771804,118.055,393.095
1960-03-01,210.210584678017,144.238,366.945
1960-04-01,237.09596861547283,161.69299999999998,346.498
1960-05-01,226.61210910563705,189.88099999999997,374.261
1960-06-01,107.88179831098063,219.277,434.845
1960-07-01,46.07056985448834,226.171,537.134
1960-08-01,17.347181663143,238.887,537.438
1960-09-01,6.489135687780609,255.784,524.172
1960-10-01,294.0148636363636,14.628,509.854
1960-11-01,264.13017810025957,25.517,497.103
1960-12-01,299.9659595509489,48.463,489.478
1961-01-01,289.40782916860644,74.492,468.627
1961-02-01,180.8970360674148,105.037,444.53
1961-03-01,184.2457236497401,131.22,416.5
1961-04-01,176.74746334606883,148.675,393.525
1961-05-01,196.43711006454538,166.12400000000002,383.048
1961-06-01,132.78430930772808,168.41400000000002,436.234
1961-07-01,37.578497310323584,172.95600000000002,537.132
1961-08-01,16.952773614195337,180.29800000000003,537.438
1961-09-01,6.350710484546678,186.83200000000002,536.482
1961-10-01,279.6921140388012,9.774,539.178
1961-11-01,264.13017810025957,19.494,539.54
1961-12-01,237.42968266963425,35.399,539.406
1962-01-01,228.49957506313092,58.980000000000004,527.649
1962-02-01,271.77684205870145,87.066,509.93
1962-03-01,295.8635836228734,113.249,486.45
1962-04-01,311.42059124346866,129.881,463.216
1962-05-01,287.02993442864965,163.03,504.075
1962-06-01,153.144255461648,192.004,537.682
1962-07-01,65.57475107752869,206.772,537.003
1962-08-01,14.85487852303061,217.822,537.438
1962-09-01,5.1901754076929665,233.613,531.122
1962-10-01,294.0148636363636,18.546,517.452
1962-11-01,264.13017810025957,29.543999999999997,501.355
1962-12-01,237.42968266963425,57.778,494.033
1963-01-01,289.40782916860644,82.844,467.147
1963-02-01,187.26159368098698,112.26599999999999,444.666
1963-03-01,202.31993361907476,138.44899999999998,417.745
1963-04-01,172.9999207725703,155.904,394.632
1963-05-01,165.1547940098,189.72199999999998,387.366
1963-06-01,101.58902495507841,222.44899999999998,418.383
1963-07-01,31.71395228912111,256.267,443.296
1963-08-01,17.434436307717966,281.435,417.153
1963-09-01,5.808985287426719,306.028,403.227
1963-10-01,279.6921140388012,18.546,388.5
1963-11-01,264.13017810025957,36.001,372.337
1963-12-01,299.9659595509489,69.81899999999999,357.911
1964-01-01,289.40782916860644,96.58399999999999,325.537
1964-02-01,202.2418260057894,125.48599999999999,301.415
1964-03-01,197.81438653142177,151.66899999999998,274.67
1964-04-01,198.80208255214535,169.12399999999997,251.588
1964-05-01,199.40816976818147,202.94199999999995,239.771
1964-06-01,135.74710311498413,235.66899999999995,289.412
1964-07-01,44.04345474167944,259.15199999999993,333.502
1964-08-01,18.97889111081501,273.1119999999999,337.712
1964-09-01,5.646886505135589,293.0139999999999,328.727
1964-10-01,279.6921140388012,17.459,312.703
1964-11-01,264.13017810025957,34.914,296.774
1964-12-01,299.9659595509489,65.57,282.266
1965-01-01,289.40782916860644,90.582,255.881
1965-02-01,338.1398882276046,119.297,235.182
1965-03-01,331.23829145618015,145.48,209.138
1965-04-01,387.4216843983739,162.06099999999998,186.063
1965-05-01,332.6415602230527,195.755,186.179
1965-06-01,268.6098199686111,215.227,246.171
1965-07-01,92.00081304596404,219.873,412.778
1965-08-01,24.986268347803946,226.245,507.836
1965-09-01,6.975536641753247,233.073,525.992
1965-10-01,284.5530174494198,17.197,528.1
1965-11-01,264.13017810025957,28.654,516.011
1965-12-01,237.42968266963425,44.622,511.337
1966-01-01,228.49957506313092,70.576,499.578
1966-02-01,221.33100631905543,101.121,477.099
1966-03-01,201.1822984031363,127.304,449.34
1966-04-01,128.52463280773583,144.75900000000001,426.403
1966-05-01,134.7941812750889,178.577,423.072
1966-06-01,71.31287961716576,211.304,446.72
1966-07-01,20.78564986969609,245.122,455.508
1966-08-01,12.522584298796636,278.94,433.112
1966-09-01,6.067928870071882,307.618,400.632
1966-10-01,294.0148636363636,18.546,373.705
1966-11-01,268.1097607601705,36.001,361.956
1966-12-01,299.9659595509489,69.81899999999999,347.195
1967-01-01,289.40782916860644,95.62499999999999,316.994
1967-02-01,248.21877087898798,125.81299999999999,294.69
1967-03-01,233.84254343495542,151.99599999999998,267.627
1967-04-01,232.19342199022665,169.45099999999996,245.171
1967-05-01,231.56757146469405,201.76999999999998,249.372
1967-06-01,167.81703293661604,228.38899999999998,286.439
1967-07-01,55.619231239940014,232.35399999999998,381.781
1967-08-01,20.42893045190835,241.988,437.228
1967-09-01,5.494697129963116,252.481,432.441
1967-10-01,294.0148636363636,15.998,429.967
1967-11-01,264.13017810025957,26.439999999999998,420.227
1967-12-01,299.9659595509489,47.696,414.182
1968-01-01,289.40782916860644,72.752,396.918
1968-02-01,277.8887478375732,102.417,374.845
1968-03-01,305.9269280795825,128.6,348.403
1968-04-01,251.25450424929912,146.055,324.942
1968-05-01,248.98161193873514,174.336,315.527
1968-06-01,185.18262515701227,199.87,330.958
1968-07-01,61.887415031463185,208.864,444.418
1968-08-01,21.214114331044062,214.205,461.71
1968-09-01,5.412287887279354,228.014,462.099
1968-10-01,284.5530174494198,15.696,452.115
1968-11-01,264.13017810025957,26.771,440.626
1968-12-01,237.42968266963425,41.981,435.321
1969-01-01,228.49957506313092,68.25200000000001,423.096
1969-02-01,273.03908153425294,98.79700000000001,400.597
1969-03-01,314.0045147206146,124.98000000000002,372.601
1969-04-01,253.14517963363167,142.435,348.774
1969-05-01,223.61509837273456,160.473,352.785
1969-06-01,159.8866847176312,164.39700000000002,440.635
1969-07-01,45.22712881494464,169.10200000000003,537.125
1969-08-01,16.3796245557142,179.64200000000002,537.438
1969-09-01,5.532330974098731,185.63400000000001,531.378
1969-10-01,284.5530174494198,18.546,528.274
1969-11-01,264.13017810025957,32.965,517.212
1969-12-01,299.9659595509489,56.160000000000004,509.53
1970-01-01,228.49957506313092,81.099,490.308
1970-02-01,304.9604588997223,111.031,469.274
1970-03-01,299.4069682643216,137.214,442.641
1970-04-01,360.76719883869896,154.66899999999998,419.974
1970-05-01,331.38614612301734,176.618,408.55
1970-06-01,176.30927282667557,182.201,515.957
1970-07-01,75.55685821807556,185.891,537.026
1970-08-01,14.106870816579383,192.522,537.438
1970-09-01,6.9697775379433855,198.22199999999998,535.049
1970-10-01,279.6921140388012,6.272,534.04
1970-11-01,264.13017810025957,16.269,532.83
1970-12-01,237.42968266963425,29.583999999999996,527.862
1971-01-01,228.49957506313092,52.733999999999995,517.042
1971-02-01,304.726533615418,81.46199999999999,497.28
1971-03-01,307.32084529895866,107.64499999999998,471.912
1971-04-01,318.45498483095923,125.03999999999998,448.857
1971-05-01,310.54687230053054,132.206,459.735
1971-06-01,162.699232410105,145.16899999999998,514.044
1971-07-01,69.69211486457023,152.207,537.028
1971-08-01,21.757556051404798,158.831,537.438
1971-09-01,6.874179168240142,163.70299999999997,538.163
1971-10-01,279.6921140388012,12.932,537.667
1971-11-01,264.13017810025957,22.78,529.11
1971-12-01,237.42968266963425,40.456,522.362
1972-01-01,228.49957506313092,64.334,507.685
1972-02-01,266.9638257346327,92.69800000000001,487.091
1972-03-01,264.65515101636004,118.881,461.938
1972-04-01,248.36310306376137,136.336,441.646
1972-05-01,238.71924110015868,168.68900000000002,440.907
1972-06-01,115.7889143255698,201.41600000000003,482.871
1972-07-01,52.13786625305637,216.60300000000004,537.06
1972-08-01,16.061097478388938,228.66800000000003,534.87
1972-09-01,6.54467611065318,244.20400000000004,524.761
1972-10-01,284.5530174494198,17.41,518.506
1972-11-01,264.13017810025957,30.701999999999998,507.887
1972-12-01,237.42968266963425,58.453,500.808
1973-01-01,235.5322383678478,82.87,476.636
1973-02-01,257.3998823580657,112.37400000000001,455.494
1973-03-01,234.51422371004008,138.55700000000002,428.806
1973-04-01,212.04077697869693,156.012,405.418
1973-05-01,238.16493606177391,159.083,395.979
1973-06-01,115.42690008074591,178.475,486.998
1973-07-01,49.32185229754975,183.648,537.056
1973-08-01,17.954228018906907,191.702,537.438
1973-09-01,5.463476126373255,199.234,538.163
1973-10-01,294.0148636363636,18.546,532.818
1973-11-01,264.13017810025957,29.45,517.365
1973-12-01,237.42968266963425,54.480999999999995,510.484
1974-01-01,239.1387323702667,79.548,488.172
1974-02-01,291.2620950875031,108.97,466.822
1974-03-01,281.8010775659843,135.153,439.684
1974-04-01,306.5397291180283,152.608,416.749
1974-05-01,294.81606902178765,185.909,416.763
1974-06-01,152.42551221080572,215.26299999999998,499.343
1974-07-01,65.26503526668348,246.47799999999998,537.043
1974-08-01,14.878087031019966,273.86699999999996,537.438
1974-09-01,6.802015466165863,301.06499999999994,512.359
1974-10-01,294.0148636363636,18.546,487.585
1974-11-01,264.13017810025957,36.001,471.509
1974-12-01,237.42968266963425,69.81899999999999,457.731
1975-01-01,235.1715889676059,94.45499999999998,426.2
1975-02-01,262.6703268361464,122.80799999999999,405.146
1975-03-01,260.0735818213857,148.99099999999999,379.61
1975-04-01,282.54858857006315,166.44599999999997,356.731
1975-05-01,247.86698555832032,199.82499999999996,347.521
1975-06-01,184.0710998203603,220.84999999999997,372.234
1975-07-01,61.48620527076836,226.48899999999998,464.429
1975-08-01,15.868183232346617,242.30499999999998,528.483
1975-09-01,5.417562683557809,264.162,520.358
1975-10-01,279.6921140388012,17.448,501.635
1975-11-01,264.13017810025957,34.903,485.095
1975-12-01,237.42968266963425,68.538,470.54
1976-01-01,241.72163568008972,95.973,438.588
1976-02-01,246.5441160143831,126.519,413.852
1976-03-01,243.11790552724236,152.702,386.073
1976-04-01,261.61692588116756,170.15699999999998,363.787
1976-05-01,206.25947847056457,203.97499999999997,356.628
1976-06-01,142.579350535047,236.70199999999997,378.036
1976-07-01,46.509583278765234,270.52,413.797
1976-08-01,19.287810637682576,292.155,406.62
1976-09-01,6.39576975168999,322.39399999999995,390.244
1976-10-01,284.5530174494198,18.546,365.55
1976-11-01,264.13017810025957,36.001,351.172
1976-12-01,299.9659595509489,69.81899999999999,336.128
1977-01-01,287.55227086850886,103.63699999999999,304.5
1977-02-01,166.30528812014708,134.182,273.109
1977-03-01,155.5157114729145,160.36499999999998,244.283
1977-04-01,95.09940515882232,177.82,220.188
1977-05-01,111.36246266795942,211.63799999999998,216.595
1977-06-01,47.946351271199774,244.36499999999998,223.174
1977-07-01,12.351402860813527,278.183,239.949
1977-08-01,11.291358431418143,305.474,211.86
1977-09-01,5.960437883712771,332.473,187.605
1977-10-01,294.0148636363636,16.079,163.076
1977-11-01,268.1097607601705,33.534,153.666
1977-12-01,299.9659595509489,63.045,142.16
1978-01-01,283.00398761707163,86.166,117.016
1978-02-01,406.745581899982,106.41199999999999,97.804
1978-03-01,309.74614616301216,109.78999999999999,81.25
1978-04-01,320.99423142842227,120.625,83.028
1978-05-01,313.2546798976371,154.44299999999998,96.669
1978-06-01,249.2768766084155,179.50799999999998,152.306
1978-07-01,85.02250555867417,193.594,327.291
1978-08-01,24.11213084244204,201.362,382.831
1978-09-01,5.108125572775104,213.228,380.618
1978-10-01,294.0148636363636,13.902,371.449
1978-11-01,265.6668079394254,29.593,358.787
1978-12-01,299.24316377503453,58.881,347.376
1979-01-01,278.6207675493596,83.936,321.931
1979-02-01,338.4622625430775,113.59,300.75
1979-03-01,268.02440010216833,139.773,273.846
1979-04-01,292.38094422631616,157.228,250.674
1979-05-01,272.1792998759972,171.186,248.383
1979-06-01,208.31577393859496,192.246,341.395
1979-07-01,70.23742270176324,197.067,492.868
1979-08-01,19.741521784791935,202.62300000000002,537.478
1979-09-01,5.302508430996721,214.14700000000002,538.163
1979-10-01,294.0148636363636,16.349,528.322
1979-11-01,265.37489997096833,27.711,512.533
1979-12-01,251.38372202796762,42.921,503.447
1980-01-01,265.2756478591189,69.669,491.042
1980-02-01,290.5483248961567,100.215,469.184
1980-03-01,304.9860992165003,126.398,442.365
1980-04-01,320.19032603643177,143.853,419.802
1980-05-01,322.45911341684194,146.924,414.009
1980-06-01,170.9658501737456,149.548,503.934
1980-07-01,73.254307929497,154.02,537.038
1980-08-01,15.138340027760249,161.18800000000002,537.438
1980-09-01,5.253784644658352,169.81900000000002,529.953
1980-10-01,294.0148636363636,18.546,524.877
1980-11-01,268.51193624360326,30.921,506.968
1980-12-01,246.85301526283902,54.911,496.812
1981-01-01,281.923848564537,79.97800000000001,473.892
1981-02-01,161.44641298970595,109.4,449.751
1981-03-01,157.59051138518169,135.583,421.84
1981-04-01,140.49352634230087,153.038,397.983
1981-05-01,113.40781268206347,186.856,391.597
1981-06-01,49.98601084049155,219.583,386.238
1981-07-01,13.087626589333638,251.912,411.579
1981-08-01,11.398831890255329,271.38800000000003,392.05
1981-09-01,6.0538698418611965,297.73300000000006,371.749
1981-10-01,294.0148636363636,18.546,349.109
1981-11-01,271.15753921483554,36.001,334.696
1981-12-01,295.565540844912,68.40899999999999,322.223
1982-01-01,268.8075168700561,91.09799999999998,293.289
1982-02-01,368.75488937078427,118.38699999999999,274.471
1982-03-01,263.384830841308,144.57,249.542
1982-04-01,278.023523870942,160.158,226.431
1982-05-01,241.90881058664115,187.982,219.918
1982-06-01,185.4857825217368,215.329,245.798
1982-07-01,61.99684096152826,220.735,342.964
1982-08-01,21.227821567319218,225.88000000000002,412.431
1982-09-01,6.593148439148953,238.49,421.198
1982-10-01,284.5530174494198,13.038,420.288
1982-11-01,270.2601308509799,23.819000000000003,415.243
1982-12-01,256.5719830955878,38.509,409.685
1983-01-01,277.04179425367926,62.257999999999996,400.417
1983-02-01,239.92782516323103,92.583,379.586
1983-03-01,230.50791672522573,118.76599999999999,352.425
1983-04-01,303.4022800394911,136.221,331.193
1983-05-01,308.838846097498,143.936,320.867
1983-06-01,248.73326432885364,145.961,386.007
1983-07-01,70.30075197949988,149.86100000000002,537.208
1983-08-01,21.871194576839333,155.67700000000002,537.438
1983-09-01,6.884100270055003,161.23100000000002,538.163
1983-10-01,279.6921140388012,6.394,536.706
1983-11-01,266.35502150370445,7.695,531.373
1983-12-01,267.37939904406437,15.047,537.318
1984-01-01,322.3896448978201,26.592,535.89
1984-02-01,336.4407221848155,45.977999999999994,527.317
1984-03-01,313.7868974478892,72.161,510.545
1984-04-01,326.52308076762165,89.616,487.342
1984-05-01,363.90788420506885,93.812,479.795
1984-06-01,205.03300217206905,112.733,537.703
1984-07-01,87.93428661727276,121.73700000000001,537.003
1984-08-01,25.16354863360266,126.25800000000001,537.438
1984-09-01,7.171536064235016,134.39700000000002,538.163
1984-10-01,279.6921140388012,15.073,539.178
1984-11-01,275.4639166531464,24.738,535.533
1984-12-01,264.83921836109323,48.653,530.669
1985-01-01,271.8303535320172,72.055,510.997
1985-02-01,263.45956422400326,99.879,491.197
1985-03-01,251.4234292223621,126.06200000000001,465.983
1985-04-01,257.07370879680815,143.517,442.997
1985-05-01,236.88419836998455,174.123,459.16
1985-06-01,114.59045578346577,202.75199999999998,527.56
1985-07-01,48.961417575616196,208.63099999999997,537.013
1985-08-01,16.09979618563487,217.19799999999998,537.438
1985-09-01,6.536258010539196,229.83799999999997,528.484
1985-10-01,349.39422539703725,10.881,521.112
1985-11-01,273.4656097807246,20.249000000000002,516.119
1985-12-01,302.9631424265803,40.648,514.126
1986-01-01,304.22511812793687,63.33500000000001,497.247
1986-02-01,300.10891183593907,90.65200000000002,477.426
1986-03-01,316.87579940522113,116.83500000000001,454.07
1986-04-01,310.90635123309437,134.29000000000002,432.894
1986-05-01,323.2267228975255,166.63500000000002,449.742
1986-06-01,170.98038848930395,180.531,508.99
1986-07-01,73.26057267867715,185.645,537.033
1986-08-01,22.423822163219775,191.988,537.438
1986-09-01,6.932346888261432,196.04,538.163
1986-10-01,262.7702319472487,6.38,539.178
1986-11-01,278.2520837987176,15.975000000000001,539.54
1986-12-01,271.84310836190605,29.527,535.801
1987-01-01,265.095875350764,49.581,524.47
1987-02-01,226.12702713884903,77.428,506.888
1987-03-01,202.63009129597899,103.61099999999999,481.412
1987-04-01,162.39679968342196,121.06599999999999,458.392
1987-05-01,158.18580597497396,149.05399999999997,463.95
1987-06-01,63.192873010717975,176.85899999999998,516.233
1987-07-01,26.47146577401554,187.58599999999998,537.025
1987-08-01,17.75944475835825,195.30399999999997,534.858
1987-09-01,5.841964941234135,209.25799999999998,526.114
1987-10-01,294.0148636363636,14.708,515.515
1987-11-01,271.6074351058451,25.348,503.353
1987-12-01,249.37972135459808,48.284,495.94
1988-01-01,270.7009160112719,74.50999999999999,475.964
1988-02-01,270.2768797375553,104.75399999999999,452.992
1988-03-01,312.2646007443932,130.93699999999998,425.326
1988-04-01,289.4895194176993,148.392,402.862
1988-05-01,264.5673142545444,182.20999999999998,412.559
1988-06-01,132.6701801181453,214.93699999999998,473.845
1988-07-01,56.752205837782014,227.45299999999997,537.074
1988-08-01,19.34154798191457,243.60599999999997,537.438
1988-09-01,5.3385309710452935,260.794,520.201
1988-10-01,279.6921140388012,18.438,502.971
1988-11-01,264.13017810025957,35.893,485.2
1988-12-01,261.84125141181016,69.711,471.374
1989-01-01,274.5412082783287,98.782,440.022
1989-02-01,242.05597164552873,128.995,413.792
1989-03-01,258.7189754393436,155.178,386.616
1989-04-01,217.76174050021655,172.63299999999998,364.399
1989-05-01,204.8383567573445,206.45099999999996,369.354
1989-06-01,147.28145965511544,239.17799999999997,390.112
1989-07-01,48.206829407680374,272.996,408.75
1989-08-01,19.50041612974742,297.70399999999995,387.976
1989-09-01,6.41740045094496,325.28099999999995,369.429
1989-10-01,294.0148636363636,18.546,343.098
1989-11-01,265.45802355686413,36.001,325.834
1989-12-01,249.4614657910554,69.81899999999999,310.488
1990-01-01,256.49005405169606,103.63699999999999,279.614
1990-02-01,238.77380876554497,134.182,247.898
1990-03-01,212.5721945233426,160.36499999999998,219.567
1990-04-01,206.72695291050803,174.897,197.201
1990-05-01,210.38571646723952,202.98399999999998,200.235
1990-06-01,146.69410877058544,228.55299999999997,219.777
1990-07-01,47.99482262739772,234.47099999999998,307.749
1990-08-01,16.494561559359564,238.32899999999998,329.147
1990-09-01,6.414698512300834,250.331,326.244
1990-10-01,294.0148636363636,14.144,318.355
1990-11-01,268.96891960318766,24.686999999999998,309.075
1990-12-01,255.0186502706092,40.092999999999996,302.226
1991-01-01,260.22219944137925,57.61,288.863
1991-02-01,218.31616727336254,87.492,273.981
1991-03-01,211.13368090046671,113.67500000000001,246.022
1991-04-01,257.8369707855076,131.13,222.99
1991-05-01,230.8126873066382,164.94799999999998,213.361
1991-06-01,167.06424897002447,194.254,259.744
1991-07-01,55.34751069059037,212.548,364.853
1991-08-01,20.394893384382065,219.03,372.849
1991-09-01,5.49826950203105,233.435,373.343
1991-10-01,294.0148636363636,18.546,363.37
1991-11-01,270.8297008285919,36.001,346.275
1991-12-01,273.0708928442164,66.27,332.264
1992-01-01,260.8799845232454,91.945,304.439
1992-02-01,226.82690634436574,122.148,281.382
1992-03-01,210.12559553176433,148.331,253.277
1992-04-01,199.2852046085074,165.786,230.396
1992-05-01,185.27441720651134,199.60399999999998,234.537
1992-06-01,121.65267259520789,232.331,286.815
1992-07-01,38.95601056968935,245.74099999999999,324.591
1992-08-01,15.175081681179236,256.41999999999996,334.848
1992-09-01,5.713772294600887,269.01699999999994,326.876
1992-10-01,294.0148636363636,11.842,316.734
1992-11-01,269.0417735172036,23.201,306.17
1992-12-01,263.7836799702184,45.977000000000004,298.022
1993-01-01,261.5224834555497,71.034,277.531
1993-02-01,246.3644346092142,100.68,255.001
1993-03-01,272.89803634276007,126.863,228.606
1993-04-01,294.5316924582998,144.31799999999998,205.901
1993-05-01,308.51711899177457,174.48499999999999,199.08
1993-06-01,244.5524962480311,201.19599999999997,287.68
1993-07-01,83.31722053158647,207.50299999999996,429.046
1993-08-01,23.89851835800731,219.55199999999996,489.446
1993-09-01,6.8648678501553695,230.80099999999996,485.733
1993-10-01,279.6921140388012,15.802,480.305
1993-11-01,272.27059333944334,27.463,470.218
1993-12-01,294.0368282178357,46.695,463.811
1994-01-01,277.2526699429625,74.137,447.393
1994-02-01,253.9557127237995,104.682,423.054
1994-03-01,226.49855640521034,130.865,395.694
1994-04-01,210.7433278605726,148.32,373.602
1994-05-01,197.80098612377492,182.13799999999998,382.908
1994-06-01,134.1443908763363,214.86499999999998,451.487
1994-07-01,43.46494899599178,248.683,498.076
1994-08-01,15.833293566488477,282.501,469.89
1994-09-01,5.654492252187039,307.707,435.576
1994-10-01,294.0148636363636,18.546,412.323
1994-11-01,271.75618800078115,36.001,397.036
1994-12-01,294.7362697376673,69.81899999999999,384.718
1995-01-01,279.4337357216537,100.30699999999999,353.743
1995-02-01,222.08090535906103,130.85199999999998,326.094
1995-03-01,231.45434814089813,157.03499999999997,298.642
1995-04-01,260.01574912780836,174.48999999999995,276.321
1995-05-01,233.84313775225152,201.62099999999995,267.377
1995-06-01,176.61334048179782,204.44199999999995,289.162
1995-07-01,49.947601626269105,208.76799999999994,479.758
1995-08-01,18.071061562677137,218.95099999999994,537.49
1995-09-01,6.552333323947994,228.61799999999994,538.163
1995-10-01,298.35790305018634,11.581,532.636
1995-11-01,269.74136394861193,22.025,524.693
1995-12-01,267.1992092031682,39.95099999999999,517.672
1996-01-01,265.5099173905939,65.00899999999999,502.292
1996-02-01,297.6919078492464,94.67699999999999,482.186
1996-03-01,312.35968000585376,120.85999999999999,456.175
1996-04-01,326.6785218436754,138.315,433.373
1996-05-01,338.42748216522796,172.13299999999998,443.928
1996-06-01,180.90793921675538,198.66299999999998,517.946
1996-07-01,77.53848335075133,204.171,537.024
1996-08-01,13.958378033475704,210.208,537.438
1996-09-01,7.002079059191292,220.094,531.851
1996-10-01,298.20882323436695,6.484,525.742
1996-11-01,275.2849628570252,29.415,526.252
1996-12-01,272.1103028506205,46.566,509.576
1997-01-01,281.96361322660016,68.369,497.129
1997-02-01,330.1463499061025,90.469,480.099
1997-03-01,306.1967280205432,101.81099999999999,460.854
1997-04-01,303.31975136248394,117.678,453.496
1997-05-01,306.64014905875956,150.192,453.157
1997-06-01,166.38016332389012,179.62300000000002,511.303
1997-07-01,71.27827584944508,208.681,537.031
1997-08-01,22.05370788145513,217.47500000000002,537.438
1997-09-01,6.900034418009987,226.62800000000001,538.163
1997-10-01,279.6921140388012,8.869,538.948
1997-11-01,272.8088983383703,23.866,534.952
1997-12-01,263.1823700929754,51.097,525.7
1998-01-01,257.10946885474357,77.672,501.162
1998-02-01,247.77868114503497,93.036,477.437
1998-03-01,243.9109450192202,94.883,464.986
1998-04-01,258.2271522350276,95.65899999999999,466.956
1998-05-01,216.84470480316685,100.51299999999999,469.733
1998-06-01,101.50274842402347,117.42999999999999,523.839
1998-07-01,43.32175432704423,149.50099999999998,537.017
1998-08-01,16.52240350814959,182.87099999999998,537.438
1998-09-01,6.444328563717532,203.779,513.488
1998-10-01,284.5530174494198,2.373,497.675
1998-11-01,268.10980739963645,3.059,501.507
1998-12-01,296.0017540890134,18.955000000000002,507.057
1999-01-01,252.60195338302103,25.149,493.49
1999-02-01,248.18866171746913,45.016999999999996,490.946
1999-03-01,236.8643119124568,78.562,474.32
1999-04-01,250.22075905575764,110.179,444.598
1999-05-01,204.8634767923444,127.07,425.307
1999-06-01,93.67785976156516,128.76,466.611
1999-07-01,39.94990807453803,156.428,537.085
1999-08-01,16.77507230305747,166.114,537.438
1999-09-01,6.389365714501475,167.067,537.542
1999-10-01,279.6921140388012,0.653,539.178
1999-11-01,266.35883808196905,4.583,539.54
1999-12-01,297.3187081993484,23.966,536.511
2000-01-01,253.17271771763777,47.865,519.01
2000-02-01,238.50940672845937,64.455,499.518
2000-03-01,252.84188798643171,80.265,486.368
2000-04-01,271.97957638494245,88.742,474.163
2000-05-01,233.87484385755303,112.671,484.99
2000-06-01,117.26724470583922,145.056,537.698
2000-07-01,52.85927833335326,178.71,537.003
2000-08-01,18.102294212326502,211.876,515.647
2000-09-01,6.55506006028969,235.957,483.124
2000-10-01,279.6921140388012,10.195,466.088
2000-11-01,267.44806626808247,26.81,458.706
2000-12-01,258.46266892235013,58.538,445.543
2001-01-01,273.5785900433941,91.61699999999999,418.322
2001-02-01,234.4457950312271,119.204,388.256
2001-03-01,227.18637048974972,136.809,363.638
2001-04-01,194.36178268721926,140.101,349.317
2001-05-01,187.13133785123603,154.412,356.251
2001-06-01,123.50442703151998,183.066,418.342
2001-07-01,39.624409147535715,212.793,445.006
2001-08-01,15.272654068838351,238.26500000000001,427.182
2001-09-01,6.308021057842078,261.68600000000004,406.96
2001-10-01,279.6921140388012,18.019,388.156
2001-11-01,266.3843602885509,34.884,371.274
2001-12-01,295.19707184441086,64.805,357.565
2002-01-01,278.3414117842531,94.726,330.589
2002-02-01,227.40181743459428,121.594,304.278
2002-03-01,216.91823127104882,150.242,279.874
2002-04-01,124.82798610294681,166.052,254.142
2002-05-01,130.708780228848,196.005,251.035
2002-06-01,71.0644134771378,224.75,246.889
2002-07-01,17.71440300031499,239.186,243.113
2002-08-01,12.30791581753481,259.57,228.764
2002-09-01,5.971995699248963,268.045,204.387
2002-10-01,422.3639999999996,0.058,198.277
2002-11-01,291.56585523169525,22.718,200.978
2002-12-01,290.87788312569177,50.215,180.379
2003-01-01,272.86170701974424,76.55000000000001,155.999
2003-02-01,261.8875760675362,91.14300000000001,132.602
2003-03-01,273.94092395070555,101.32100000000001,121.456
2003-04-01,278.1243106276732,102.69700000000002,115.556
2003-05-01,257.3094523436246,104.61900000000001,136.842
2003-06-01,193.48729636547935,111.19700000000002,271.52
2003-07-01,64.88502114832818,124.54400000000001,432.016
2003-08-01,18.960181703306798,153.01100000000002,459.374
2003-09-01,5.372877675618183,175.68200000000002,441.309
2003-10-01,279.6921140388012,2.477,427.082
2003-11-01,264.56889150796536,25.174,425.666
2003-12-01,268.9304003242011,55.698,407.671
2004-01-01,273.79262759360375,86.345,381.138
2004-02-01,266.37383015022,116.564,354.242
2004-03-01,223.17611366447457,143.79,327.063
2004-04-01,152.2276557442746,169.18699999999998,306.829
2004-05-01,155.99798440142368,191.884,296.198
2004-06-01,92.45769084936595,216.41799999999998,317.99
2004-07-01,28.417958711131643,221.65599999999998,338.877
2004-08-01,13.636743756481529,227.32099999999997,354.262
2004-09-01,6.165199486488412,243.51399999999998,350.488
2004-10-01,269.36980665334494,0.791,341.682
2004-11-01,273.85446001033927,11.665000000000001,352.484
2004-12-01,292.2384807859355,42.032000000000004,348.993
2005-01-01,271.5633854832213,73.367,322.734
2005-02-01,299.45147336427607,97.51400000000001,295.172
2005-03-01,270.087998176446,121.60600000000001,273.724
2005-04-01,211.9302363598824,126.066,252.629
2005-05-01,212.7893268544363,135.121,269.067
2005-06-01,149.09103198337974,136.22,348.057
2005-07-01,48.86000217562623,141.671,469.452
2005-08-01,19.582235799485744,149.397,491.017
2005-09-01,5.583562256902989,162.91299999999998,488.317
2005-10-01,284.5530174494198,7.422,477.575
2005-11-01,270.4154269340765,7.422,474.428
2005-12-01,277.8876700514143,31.900000000000002,479.998
2006-01-01,294.2770928495321,65.415,460.537
2006-02-01,298.36756800731126,93.936,430.732
2006-03-01,284.9120468790733,125.80300000000001,404.86
2006-04-01,309.5803520883218,155.429,376.392
2006-05-01,264.59118951105245,175.244,370.824
2006-06-01,200.74877473944747,199.04,444.877
2006-07-01,67.5060824095009,232.063,491.135
2006-08-01,19.342802513598564,260.348,473.799
2006-09-01,5.338417985100956,273.189,444.064
2006-10-01,279.6921140388012,8.272,432.753
2006-11-01,285.2933378911915,8.766,427.145
2006-12-01,278.65313326358654,30.218000000000004,429.027
2007-01-01,274.48838845135225,61.462,413.656
2007-02-01,259.22430331919304,83.856,385.365
2007-03-01,255.17158649901603,114.453,365.842
2007-04-01,232.53474986270885,140.79,342.272
2007-05-01,217.06305998250593,150.689,338.881
2007-06-01,159.88007825075823,154.505,417.594
2007-07-01,47.32199055095315,174.726,484.097
2007-08-01,20.07006167336784,207.15,475.848
2007-09-01,6.475356768612564,234.479,446.438
2007-10-01,288.3959155157222,8.902,425.377
2007-11-01,274.8259671818216,36.637,423.348
2007-12-01,255.1532939671637,59.271,400.388
2008-01-01,277.3057599371615,79.568,382.748
2008-02-01,277.168011180714,94.607,366.698
2008-03-01,286.20986871859907,121.519,356.444
2008-04-01,297.9221613696902,147.943,331.913
2008-05-01,289.68899585242985,176.497,321.176
2008-06-01,225.77675553463004,205.145,386.397
2008-07-01,76.5400376909487,238.43200000000002,479.657
2008-08-01,23.049574726261813,255.22400000000002,481.575
2008-09-01,5.219646513500221,287.656,472.859
2008-10-01,294.0148636363636,30.407,447.149
2008-11-01,267.323373622038,32.464,419.638
2008-12-01,267.1575478251637,58.064,421.959
2009-01-01,277.29825969342437,87.604,400.191
2009-02-01,287.7727964912124,111.951,374.7
2009-03-01,277.94430138239045,139.726,353.222
2009-04-01,281.4625112931594,162.667,330.168
2009-05-01,254.46013610440642,178.888,330.568
2009-06-01,198.42101376257506,184.622,422.051
2009-07-01,56.10200154048799,201.835,535.369
2009-08-01,15.564717593601891,212.41500000000002,537.44
2009-09-01,6.6526532463789465,243.54800000000003,527.847
2009-10-01,300.573940859069,32.448,499.782
2009-11-01,276.8747511450071,34.146,468.319
2009-12-01,257.1692826645065,51.797,470.387
2010-01-01,261.37552166010363,78.556,454.277
2010-02-01,217.82669740167296,103.618,429.618
2010-03-01,210.89039177301976,131.728,406.987
2010-04-01,235.54127083022894,155.782,380.201
2010-05-01,180.76244216365302,160.991,375.132
2010-06-01,77.93757734233294,164.316,439.077
2010-07-01,37.33192517299115,183.923,537.127
2010-08-01,17.283332338686865,199.376,536.592
2010-09-01,6.278804298672382,226.647,524.553
2010-10-01,294.0148636363636,1.65,498.071
2010-11-01,282.0700866932878,15.575000000000001,499.694
2010-12-01,288.34883860425924,28.823,492.441
2011-01-01,295.4133812512462,57.902,484.743
2011-02-01,314.5669328483612,88.674,460.196
2011-03-01,308.80029017447447,122.421,433.678
2011-04-01,333.3215097155818,155.702,405.64
2011-05-01,392.2924002473179,190.189,405.645
2011-06-01,216.50942150816664,203.66899999999998,447.255
2011-07-01,92.87962490895568,218.189,537.115
2011-08-01,26.086891849874906,221.924,537.438
2011-09-01,7.252147652810898,247.767,538.163
2011-10-01,279.6921140388012,31.335,518.87
2011-11-01,275.909998524132,42.875,492.199
2011-12-01,271.4561092938966,47.1,486.135
2012-01-01,259.2221247215253,67.131,484.826
2012-02-01,227.51450996016663,82.963,468.289
2012-03-01,222.2797491482324,112.24699999999999,457.187
2012-04-01,149.45397358531517,137.677,435.942
2012-05-01,144.21032800410885,169.30599999999998,439.052
2012-06-01,84.79900945579,194.25199999999998,450.324
2012-07-01,23.326527267773304,226.908,443.775
2012-08-01,13.233193579828566,260.59,419.021
2012-09-01,6.129967927695564,293.316,383.903
2012-10-01,279.6921140388012,34.007,353.688
2012-11-01,275.5101393097487,36.536,321.555
2012-12-01,297.3857847687608,59.102000000000004,321.855
2013-01-01,275.72236008696325,93.11500000000001,302.408
2013-02-01,230.5303149089866,122.891,271.207
2013-03-01,227.17830398238956,151.106,244.127
2013-04-01,243.05204163072875,176.624,219.034
2013-05-01,217.56984171974196,194.805,203.171
2013-06-01,153.85824679938938,208.28300000000002,285.869
2013-07-01,50.58074848022529,228.96300000000002,371.95
2013-08-01,16.87205332569875,230.76800000000003,371.431
2013-09-01,6.447655066724629,237.96100000000004,371.657
1950-01-01,289.40782916860644,261.84600000000006,325.308
1950-02-01,222.585430642946,290.20400000000006,303.425
1950-03-01,273.5367871332772,316.38700000000006,277.524
1950-04-01,273.19331135945276,333.84200000000004,253.68
1950-05-01,248.86422434104824,367.66,250.661
1950-06-01,185.06556414775358,400.387,253.32
1950-07-01,61.84516136619556,412.524,297.353
1950-08-01,18.51642495857031,426.288,302.128
1950-09-01,5.412843405858759,444.603,285.03
